Plot,GreenLeafRation,YellowLeafRation,GreenLeaf,YellowLeafArea,TotalLeafArea,Hue,Sat
2022C016_20230218_102707,0.11883609278951855,0.8811639072104814,5297,39277,44574,19.848835644097456,121.65291425494684,18.509814904396976,115.874175726252
2022C035_20230218_102926,0.06453295771708793,0.9354670422829121,2474,35863,38337,18.71849649163993,126.38586743876672,17.99885676044949,122.11019713911273
2022C071_20230218_103407,0.49373774214637167,0.5062622578536283,28699,29427,58126,25.736206451612905,121.85854623655914,20.05117922925304,103.58461904438252
2022C094_20230218_103739,0.1127235503101102,0.8872764496898898,3744,29470,33214,19.020023486194333,134.97594170606123,17.706688838361558,127.51922489564598
2022C121_20230218_104116,0.10613221139991931,0.8938677886000806,3683,31019,34702,19.53855685551265,98.61829289378134,18.290370418130824,94.71868854573003
2022C147_20230218_104450,0.123193136249184,0.876806863750816,3963,28206,32169,19.963007864714477,106.75989306475178,18.652520740268027,103.49925547755797
